t,speed,v_des,v_model,front_dist,wp,s_actual,s_model
0.148780196905136,0,8,0,20,0,0,0
0.232539400458336,10.2419996261597,8,0.558394690354665,20,0,0.85773353900735,0.0467706945324424
0.282742410898209,7.95599985122681,8,0.869720514562613,20,0,1.25722466393447,0.0904332826048007
0.334065407514572,5.84000015258789,8,1.17467660614997,20,0,1.55682730682944,0.150721206087557
0.38580510020256,5.00500011444092,8,1.46896005189492,20,0,1.81655346114909,0.226724747743531
0.440908908843994,4.71700000762939,8,1.76886436483654,20,0,2.07560057912584,0.324195911216135
0.492107689380646,5.28700017929077,8,2.03471981973557,20,0,2.34691200644604,0.428371084720352
0.542987883090973,5.00099992752075,8,2.28764866232576,20,0,2.60092115679866,0.544767091800658
0.594570696353912,4.97800016403198,8,2.53319795594539,20,0,2.85776523408932,0.675436568920249
0.657865703105927,4.06599998474121,8,2.82154901618736,20,0,3.11526267289631,0.854026532950966
0.710907697677612,5.94600009918213,8,3.0504451569983,20,0,3.43061157756988,1.0158282284097
0.763700783252716,5.12599992752075,8,3.26819705065268,20,0,3.70162446759005,1.1883664349811
0.815186500549316,5.06899976730347,8,3.47121394144711,20,0,3.96263207550562,1.36708437464647
0.866498291492462,4.96299982070923,8,3.66486404433269,20,0,4.21729464380564,1.55513511232432
0.918216288089752,5.04199981689453,8,3.85170116650269,20,0,4.4777942010817,1.75433738014728
0.969734072685242,5.03499984741211,8,4.02979380462088,20,0,4.73688860217169,1.96194342933798
1.02024781703949,4.80499982833862,8,4.19691878861008,20,0,4.97955717701466,2.17394551210137
1.07683396339417,1.89499998092651,8,4.37625354696543,20,0,5.08675798206911,2.42158083579512
1.12933015823364,8.46300029754639,8,4.53478096350491,20,0,5.53100088768915,2.65963958080963
1.18152141571045,4.88299989700317,8,4.68549274596095,20,0,5.78575148901381,2.90418133911979
1.23399746417999,5.06500005722046,8,4.83043628205728,20,0,6.05180593319752,3.15766354758607
1.28702998161316,4.98600006103516,8,4.97051123466339,20,0,6.31641582184089,3.4212622712901
1.34110057353973,4.24700021743774,8,5.10701644364394,20,0,6.54579720546495,3.69740167337668
1.39242458343506,5.87599992752075,8,5.23074937420513,20,0,6.8472935614012,3.96586470601835
1.45226752758026,2.00399994850159,8,5.36884946630806,20,0,6.967547233162,4.28715246475462
1.51569712162018,6.03299999237061,8,5.50792680814972,20,0,7.35056852846134,4.63651802619714
1.56715619564056,7.05299997329712,8,5.61479329051942,20,0,7.7135415364159,4.92545008974314
1.61818027496338,5.1729998588562,8,5.71621243747429,20,0,7.97748137595158,5.21711456657889
1.66915273666382,4.90500020980835,8,5.81322099919328,20,0,8.22671360533762,5.51342875131646
1.72774636745453,4.49700021743774,8,5.91999710035507,20,0,8.49064136021514,5.86030287569674
1.77826833724976,5.63399982452393,8,6.00756863674661,20,0,8.77524502268642,6.16381707690521
1.82861828804016,4.96600008010864,8,6.09116765432416,20,0,9.02581399425332,6.47050706855654
1.88308095932007,4.09000015258789,8,6.17780107813333,20,0,9.24779706989607,6.80696661790757
1.93496906757355,6.03499984741211,8,6.25659312389765,20,0,9.56091284867732,7.13160939921834
1.98619818687439,4.95699977874756,8,6.33102078960245,20,0,9.81515608839014,7.455942018545
2.03901958465576,4.94700002670288,8,6.40448563523682,13.4280004501343,0,10.0765853575908,7.79423590186893
2.09947180747986,4.27899980545044,8,6.48486262681825,13.0670003890991,0,10.3350806944393,8.186260262369
2.15024018287659,5.86999988555908,8,6.548963512601,12.7299995422363,0,10.6334720145567,8.51874050043621
2.20049619674683,5.02699995040894,8,6.60973293746513,12.456000328064,0,10.8858235840593,8.85091933062003
2.25321412086487,4.96500015258789,8,6.67080959872056,12.173999786377,0,11.1477441937586,9.20259056485129
2.30420184135437,4.12400007247925,8,6.7272865892687,11.9630002975464,0,11.3577562526696,9.54559957311769
2.35606646537781,5.88700008392334,8,6.78229392471634,11.6319999694824,0,11.6635170836857,9.89736069753955
2.4076623916626,5.09800004959106,8,6.83465115213041,11.3529996871948,0,11.9256031735781,10.2500008545671
2.45991921424866,4.94799995422363,8,6.88539900879206,11.0869998931885,0,12.1843482158543,10.6098099290038
2.51035737991333,5.01000022888184,8,6.93224769999586,10.8290004730225,0,12.4370173927628,10.9594597869247
2.56198382377625,4.97499990463257,8,6.97818457847558,10.576000213623,0,12.6945446447039,11.3197186413305
2.61437201499939,4.99700021743774,8,7.02279379655689,10.3000001907349,0,12.9559430309665,11.6876301056652
2.66738295555115,4.94700002670288,8,7.0659626465215,10.0389995574951,0,13.2182345365923,12.0622034314609
2.72351670265198,4.30700016021729,3,6.87576454742045,9.79399967193604,0,13.4603306608329,12.4481658596907
2.77469801902771,5.7350001335144,3,6.71045893783764,9.50100040435791,0,13.7536689569842,12.7916159816145
2.82589530944824,4.78900003433228,3,6.55215440130936,9.25399971008301,0,13.9986591710787,13.1270685333785
2.87631869316101,5.28900003433228,3,6.40289469765585,8.97799968719482,0,14.2657394932068,13.4499241495908
2.927077293396,4.9539999961853,3,6.25895622132246,8.72700023651123,0,14.516705612001,13.7676200063172
2.97769355773926,4.99499988555908,3,6.12149273000448,8.4709997177124,0,14.7695789460949,14.0774671005145
3.02875590324402,5.12400007247925,3,5.98866711311274,8.20699977874756,0,15.0315051252641,14.3832624897572
3.08036589622498,4.31400012969971,3,5.86012953917094,7.97800016403198,0,15.2542337914279,14.6857037341414
3.1322865486145,1.83800005912781,3,5.73637971284401,7.88299989700317,0,15.349569345603,14.9835403111863
3.18290710449219,1.75300002098083,3,5.62094882771352,7.79300022125244,0,15.4378476098644,15.2680758654051
3.24489855766296,1.47899997234344,3,5.48555180561669,7.7020001411438,0,15.5301135351921,15.6081331932789
3.30119776725769,1.91299998760223,3,5.36893963723088,7.59700012207031,0,15.637412561681,15.9104002512168
3.35164785385132,1.93099999427795,3,5.26934529570307,7.49399995803833,0,15.7347410622426,16.1762391776767
3.40282726287842,1.70500004291534,3,5.17255883644264,7.40799999237061,0,15.8220230588261,16.4409676820838
3.45426845550537,1.79499995708466,3,5.07942632177695,7.31400012969971,0,15.9142889841537,16.7022594299367
3.50480580329895,1.73000001907349,3,4.99185241241464,7.23000001907349,0,16.0014955316049,16.9545344114371
3.55747938156128,1.69599997997284,3,4.90442075080437,7.16499996185303,0,16.0907701346998,17.212867801686
3.60916328430176,1.81500005722046,3,4.82239750341977,7.04199981689453,0,16.1850302734378,17.4621081252287
3.66177892684937,1.73399996757507,3,4.74249199040344,6.95100021362305,0,16.2762987092101,17.7116373885807
3.71445417404175,1.682000041008,3,4.66600349346574,6.88299989700317,0,16.3645033172064,17.9574202759995
3.76536297798157,1.85500001907349,3,4.59532495578915,6.76800012588501,0,16.4587634559444,18.1913627732135
3.81691479682922,1.74199998378754,3,4.52679003651916,6.67899990081787,0,16.5490354174751,18.4247270331375
3.86886072158813,1.71000003814697,3,4.46069793621943,6.59000015258789,0,16.6382371870122,18.6564421125046
3.91973233222961,1.80099999904633,3,4.39877455565596,6.49599981307983,0,16.7295065736497,18.8802148589996
3.97119808197021,1.73199999332428,3,4.33878373796853,6.40700006484985,0,16.8187811767447,19.1035136170365
4.02188587188721,1.71700000762939,3,4.2822337472565,6.32200002670288,0,16.9059877241958,19.3205705815928
4.07245302200317,1.79299998283386,3,4.2282013252721,6.23000001907349,0,16.9962596857265,19.5343786727284
4.12357330322266,1.72200000286102,3,4.17587966098706,6.14200019836426,0,17.0844642937229,19.7478508153368
4.17362403869629,1.76900005340576,3,4.12683495943632,6.05299997329712,0,17.172667950254,19.9544019402349
4.22524452209473,1.71000003814697,3,4.07836182167269,5.98199987411499,0,17.2609462145154,20.1649289489433
4.27683639526367,1.7849999666214,3,4.03199956639438,5.87400007247925,0,17.3531416694324,20.37294735919
4.32694911956787,1.70899999141693,3,3.9889026416004,5.78800010681152,0,17.4394265214273,20.5728421375448
4.37726926803589,1.79999995231628,3,3.94743453514561,5.69799995422363,0,17.5296255031767,20.7714776294211
4.42904615402222,1.73099994659424,3,3.90655519355749,5.60699987411499,0,17.6189010570098,20.9737468922773
4.47973823547363,1.72699999809265,3,3.86825921879747,5.52099990844727,0,17.7071047135409,21.1698370036717
4.53090715408325,1.7849999666214,3,3.83123598104856,5.42899990081787,0,17.7983741001785,21.3658772057602
4.58096218109131,1.72699999809265,3,3.79656303148068,5.34299993515015,0,17.8845826414181,21.5559142708388
4.63320016860962,1.76600003242493,3,3.76188732340065,5.25,0,17.9768485667458,21.7524276938839
4.68343305587769,1.76199996471405,3,3.72999415671119,5.16099977493286,0,18.0650531747421,21.9397960698685
4.73648643493652,1.70000004768372,3,3.69772027612224,5.07200002670288,0,18.1552531080536,22.1359726253312
4.78862285614014,1.78999996185303,0,3.53706535794803,4.97900009155273,0,18.2485156343933,22.3203825546579
4.83948659896851,1.75999999046326,0,3.38714170566987,4.88899993896484,0,18.338787595924,22.4926652592983
4.89078235626221,1.75300002098083,0,3.24235337329202,4.7979998588562,0,18.4279903169755,22.6589842309951
4.94121599197388,1.69099998474121,0,3.10608364922776,4.71500015258789,0,18.5132018595535,22.8156353222502
4.99281644821167,1.81599998474121,0,2.97252087138367,4.61899995803833,0,18.6074619982915,22.96901875539
5.04578065872192,1.69500005245209,0,2.8413231870686,4.53000020980835,0,18.6967366013864,23.1195071947976
5.0960955619812,1.78699994087219,0,2.72218910266385,4.44000005722046,0,18.7869365346978,23.2564738761515
5.14791297912598,1.72699999809265,0,2.60464176243077,4.36700010299683,0,18.8761383042349,23.3914396848681
5.19979000091553,1.76199996471405,0,2.49204088121111,4.25899982452393,0,18.9674067400072,23.5207193439632
5.25006628036499,1.71800005435944,0,2.3876320947584,4.17399978637695,0,19.0546142388728,23.6407606023817
5.30014133453369,1.79700005054474,0,2.28799808935843,4.08300018310547,0,19.1438888419677,23.7553322306442
5.35258817672729,1.72699999809265,0,2.18799952708189,3.99300003051758,0,19.2350860365468,23.8700858965608
5.40360260009766,1.77199995517731,0,2.09498324857464,3.90000009536743,0,19.3253579980775,23.9769602589574
5.45361137390137,1.76600003242493,0,2.00767696240753,3.81299996376038,0,19.4135626060739,24.0773617220414
5.50396680831909,1.75100004673004,0,1.92342909106379,3.72499990463257,0,19.5018399196639,24.1742168294936
5.55509948730469,1.77300000190735,0,1.84147068917635,3.63299989700317,0,19.5920398529753,24.2683761591046
5.60525321960449,1.72300004959106,0,1.76450683252395,3.5460000038147,0,19.6782493455767,24.3568727624242
5.65718650817871,1.73399996757507,0,1.68814296375341,3.45900011062622,0,19.7685213071073,24.4445435781153
5.70827770233154,1.78699994087219,0,1.61626859715436,3.36500000953674,0,19.8597185016865,24.5271206708157
5.75914096832275,1.73800003528595,0,1.54776134751244,3.27699995040894,0,19.9479967659479,24.6058448679251
5.80958414077759,1.75199997425079,0,1.48269968703619,3.18899989128113,0,20.0371985034124,24.680636943937
5.86063528060913,1.76499998569489,0,1.41962176282697,3.09800004959106,0,20.1264731438971,24.753110253059
5.91169023513794,1.68299996852875,0,1.3592228257026,3.01600003242493,0,20.2126826033126,24.8225053126198
5.96252298355103,0.256000012159348,0,1.30164529908905,2.99699997901917,0,20.225720575121,24.8886715206314
6.01396369934082,0,0,1.24584732751441,2.99699997901917,0,20.225720575121,24.9527587989236
6.06408643722534,0,0,1.19380959498013,2.99699997901917,0,20.225720575121,25.0125958043368
6.11519765853882,0,0,1.14296203963415,2.99699997901917,0,20.225720575121,25.0710139900974
6.16583490371704,0,0,1.09473166544218,2.99699997901917,0,20.225720575121,25.1264481858448
6.21747779846191,0,0,1.04761907196526,2.99699997901917,0,20.225720575121,25.180550267311
6.27828311920166,0,0,0.99453506056199,2.99699997901917,0,20.225720575121,25.2410232906554
6.33150672912598,0,0,0.950424438795817,2.99699997901917,0,20.225720575121,25.2916083102484
6.38183212280273,0,0,0.910565702093807,2.99699997901917,0,20.225720575121,25.3374328876748
6.43253612518311,0,0,0.8720912641551,2.99699997901917,0,20.225720575121,25.3816514052084
6.48499345779419,0,0,0.833968279562596,2.99699997901917,0,20.225720575121,25.4253991566366
6.53588008880615,0,0,0.79860341613111,2.99699997901917,0,20.225720575121,25.4660373939981
6.5868763923645,0,0,0.764665230937979,2.99699997901917,0,20.225720575121,25.5050324942355
6.63822078704834,0,0,0.731947503089406,2.99699997901917,0,20.225720575121,25.542613895722
6.68912410736084,0,0,0.700898704587994,2.99699997901917,0,20.225720575121,25.5782919669883
6.74027681350708,0,0,0.671021316692936,2.99699997901917,0,20.225720575121,25.6126165232189
6.79157972335815,0,0,0.642333528260897,2.99699997901917,0,20.225720575121,25.6455701023136
6.84189748764038,0,0,0.615399539039561,2.99699997901917,0,20.225720575121,25.6765356312584
6.89243698120117,0,0,0.589481221505725,2.99699997901917,0,20.225720575121,25.7063277136569
6.94286489486694,0,0,0.564709298050988,2.99699997901917,0,20.225720575121,25.7348048253853
6.99430084228516,0,0,0.540503999916716,2.99699997901917,0,20.225720575121,25.7626061607043
7.04718542098999,0,0,0.516683727980155,2.99699997901917,0,20.225720575121,25.7899307619822
7.09755659103394,0,0,0.494995424712632,2.99699997901917,0,20.225720575121,25.8148642606914
7.14760208129883,0,0,0.47435185078878,2.99699997901917,0,20.225720575121,25.8386034316222
7.19852066040039,0,0,0.454224082258479,2.99699997901917,0,20.225720575121,25.8617318764845
7.24885940551758,0,0,0.435169857006064,2.99699997901917,0,20.225720575121,25.883637780999
7.30020666122437,0,0,0.416549208736417,2.99699997901917,0,20.225720575121,25.9050264397344
7.35117101669312,0,0,0.398858240449526,2.99699997901917,0,20.225720575121,25.9253539928823
7.40338802337646,0,0,0.381502254276807,2.99699997901917,0,20.225720575121,25.9452748986436
7.45378732681274,0,0,0.365479381047706,2.99699997901917,0,20.225720575121,25.9636948048688
7.50439834594727,0,0,0.350064977758141,2.99699997901917,0,20.225720575121,25.9814119501564
7.55481576919556,0,0,0.335357165968111,2.99699997901917,0,20.225720575121,25.9983197943324
7.6052622795105,0,0,0.321259167024611,2.99699997901917,0,20.225720575121,26.0145261982154
7.65570688247681,0,0,0.307754341083075,2.99699997901917,0,20.225720575121,26.0300507437625
7.70588207244873,0,0,0.294886313975969,2.99699997901917,0,20.225720575121,26.0448467205864
7.75665330886841,0,0,0.282409861672801,2.99699997901917,0,20.225720575121,26.0591850184406
7.80801963806152,0,0,0.270321230071078,2.99699997901917,0,20.225720575121,26.0730704277324
7.85816097259521,0,0,0.259026007380618,2.99699997901917,0,20.225720575121,26.0860583374213
7.90839529037476,0,0,0.248182678407348,2.99699997901917,0,20.225720575121,26.0985256249558
7.95986032485962,0,0,0.237538736655031,2.99699997901917,0,20.225720575121,26.1107505642293
8.01137065887451,0,0,0.227342320266218,2.99699997901917,0,20.225720575121,26.1224610430819
8.06471920013428,0,0,0.217235335972207,2.99699997901917,0,20.225720575121,26.1340502313661
8.11524391174316,0,0,0.208088875387827,2.99699997901917,0,20.225720575121,26.1445638617841
8.16536617279053,0,0,0.199397304610126,2.99699997901917,0,20.225720575121,26.1545581055379
8.21598720550537,0,0,0.190985890043526,2.99699997901917,0,20.225720575121,26.1642260085259
8.26637554168701,0,0,0.18296633901564,2.99699997901917,0,20.225720575121,26.1734453779261
8.31912994384766,0,0,0.174922772490397,2.99699997901917,0,20.225720575121,26.1826733242131
8.36959075927734,0,0,0.167567151042824,2.99699997901917,0,20.225720575121,26.191128899294
8.41967296600342,0,0,0.160573707126969,2.99699997901917,0,20.225720575121,26.1991707848891
8.47061634063721,0,0,0.153756901694881,2.99699997901917,0,20.225720575121,26.2070036803347
8.521409034729,0,0,0.147248795634639,2.99699997901917,0,20.225720575121,26.2144828433667
8.57354640960693,0,0,0.140851157586033,2.99699997901917,0,20.225720575121,26.2218264529718
8.62386512756348,0,0,0.13494494952568,2.99699997901917,0,20.225720575121,26.2286167098266
8.67973041534424,0,0,0.128662667492503,2.99699997901917,0,20.225720575121,26.2358044867727
8.7308349609375,0,0,0.123183294861652,2.99699997901917,0,20.225720575121,26.2420997130813
8.78327369689941,0,0,0.117800314633178,2.99699997901917,0,20.225720575121,26.2482770126766
8.84161376953125,0,0,0.112073248873384,2.99699997901917,0,20.225720575121,26.2548153741559
8.89232349395752,0,0,0.107337245901779,2.99699997901917,0,20.225720575121,26.2602584163163
8.94265842437744,0.273999989032745,0,0.102834901898502,2.98300004005432,1,20.2397561779248,26.2654346039481
8.99344921112061,0,0,0.0984823472551012,2.98099994659424,1,20.2397561779248,26.2704365998455
9.0441255569458,0,0,0.0943234093491208,2.9779999256134,1,20.2397561779248,26.2752165655571
9.09515571594238,0,0,0.0903122938689663,2.97499990463257,1,20.2397561779248,26.2798252162726
9.14993095397949,0,0,0.0861898960403413,2.9760000705719,1,20.2397561779248,26.2845462883446
9.20107555389404,0,0,0.0825164395822914,2.98900008201599,1,20.2397561779248,26.2887665586334
9.25259780883789,0.345999985933304,0,0.0789735787179435,3.00099992752075,1,20.2570190948535,26.2928354554899
9.30291748046875,0.579999983310699,0,0.0756619749274429,2.99799990653992,1,20.2866335655782,26.2966427412232
9.35579204559326,1.70799994468689,0,0.0723281465768177,3.00099992752075,1,20.3771540734285,26.3004670605197
9.40665340423584,2.04299998283386,8,0.408338281024841,20,1,20.4807733210554,26.3212357002784
9.45759582519531,4.95900011062622,8,0.730619636916463,20,1,20.7335384784652,26.3584552333835
9.50905799865723,5.10699987411499,8,1.04236806458783,20,1,20.9959120219637,26.4120977595344
9.56275272369385,4.48699998855591,8,1.35369150931947,20,1,21.2367541162874,26.4847838529118
9.6150016784668,5.48199987411499,8,1.6430770691,20,1,21.5238433881446,26.5706329123836
9.66512966156006,4.92999982833862,8,1.90862684010443,20,1,21.7706023909289,26.6663085263557
9.71623516082764,4.33799982070923,8,2.16804572890576,20,1,21.9920021695407,26.7771075857664
9.76653957366943,5.73899984359741,8,2.41252325834543,20,1,22.2810146227678,26.8984681517447
9.81747817993164,4.94999980926514,8,2.64970515646408,20,1,22.5336743179808,27.0334404394207
9.8698616027832,4.93699979782104,8,2.88326078743864,20,1,22.7917228267443,27.1844755084404
9.92014217376709,5.13700008392334,8,3.09765459509133,20,1,23.0504350558456,27.3402273501925
9.97052764892578,4.92700004577637,8,3.30349376393996,20,1,23.2985257584359,27.5066754531724
10.0238904953003,4.91800022125244,8,3.5123428812498,20,1,23.5607333866651,27.6941040667591
10.0741653442383,5.15299987792969,8,3.70035645102535,20,1,23.8203660025039,27.8801389283511
10.1256532669067,5.00899982452393,8,3.88483954648496,20,1,24.0783293448285,28.0801612464999
10.1768054962158,4.9539999961853,8,4.06025590578652,20,1,24.3312996383386,28.2878523876463
10.2273349761963,5.02899980545044,8,4.22615025606712,20,1,24.5857653517338,28.5013975624047
10.2789030075073,5.02400016784668,8,4.38832525753235,20,1,24.844054213315,28.7276948566881
10.3290042877197,4.94999980926514,8,4.53911653112271,20,1,25.0921690786277,28.9551104059306
10.3805227279663,5.03499984741211,8,4.68769929628249,20,1,25.351591603012,29.1966133620201
10.4317855834961,5.04099988937378,8,4.82919762332072,20,1,25.6103965360457,29.4441718221092
10.4826936721802,4.93599987030029,8,4.96371386381379,20,1,25.8614441839388,29.6968650076906
10.5338850021362,5.03700017929077,8,5.09324013501254,20,1,26.1190815994225,29.9575947439875
10.5857763290405,5.01700019836426,8,5.21893649033451,20,2,26.3793834123136,30.2284122835002
10.6362533569336,4.80100011825562,8,5.33591967395932,20,2,26.6224740105913,30.4977536497178
10.6875762939453,5.24900007247925,8,5.44986002959894,20,2,26.8917321411505,30.7774564727396
10.7377090454102,4.99100017547607,8,5.55639797404617,20,2,27.1411975898477,31.0560139914122
10.7890205383301,4.98999977111816,8,5.66088536409104,20,2,27.397463015513,31.3464824706922
10.840934753418,4.82200002670288,8,5.76207978102755,20,2,27.6481780104041,31.6456163197981
10.8930311203003,5.08099985122681,8,5.85923604167835,20,2,27.912399455921,31.9508612302755
10.9441137313843,5.07200002670288,8,5.95036588559964,20,2,28.172014601921,32.254821456617
10.9951372146606,5.00299978256226,8,6.03751544556529,20,2,28.4275298909309,32.5628765249846
11.0472831726074,4.97599983215332,8,6.12279514310425,20,2,28.6862130279749,32.8821555430336
11.1003818511963,4.88000011444092,8,6.20585939088906,20,2,28.9459436993504,33.2116784761982
11.1525297164917,5.10200023651123,8,6.28382655989318,20,2,29.2120732632518,33.5393666171832
11.202615737915,5.04400014877319,8,6.35545680963264,20,2,29.4639026095067,33.8576861631056
11.2549810409546,4.75799989700317,8,6.42722097840366,20,2,29.7132316139937,34.1942495373418
11.3057994842529,5.31099987030029,8,6.4938261296785,20,2,29.98317239957,34.5242556723022
11.3559293746948,4.96799993515015,8,6.55674640559988,20,2,30.2329082544248,34.8529446512702
11.4074392318726,4.93900012969971,8,6.61869789436555,20,2,30.4867053733285,35.1938728345115
11.4575328826904,5.02600002288818,8,6.67635994882692,20,2,30.7388205707884,35.5283160785225
11.5077180862427,5.01599979400635,8,6.73171590332528,20,2,30.9909812784485,35.8661486113867
11.558274269104,4.96000003814697,8,6.78514890558494,20,2,31.2410311789593,36.2091798401988
11.6096363067627,5.06599998474121,8,6.83714659530248,20,2,31.501446148,36.5603496211047
11.6607637405396,4.82800006866455,8,6.8866913540032,20,2,31.7484482948313,36.9124484772482
11.7120656967163,5.12200021743774,8,6.93428711347665,20,2,32.0108676694241,37.2681909708608
11.7627105712891,5.00600004196167,8,6.9792645263671,20,2,32.2645132132844,37.6216549474088
11.8144025802612,4.89499998092651,8,7.02323441575147,20,2,32.517204729239,37.9847000438414
11.8654279708862,5.09600019454956,8,7.06476762032258,20,2,32.7773970970807,38.3451825713432
11.9170169830322,4.96600008010864,8,7.10497404915134,20,2,33.033999623431,38.7117211638619
11.9674081802368,5.1269998550415,8,7.14255857347837,20,2,33.2918698603446,39.0716432414834
12.0191869735718,4.88399982452393,8,7.17955630882895,20,2,33.5446149103661,39.443392003835
12.0701417922974,5.07000017166138,8,7.21439427512743,20,2,33.8036377400582,39.811000156339
12.1215991973877,5.01700019836426,8,7.24808196848247,20,2,34.061897355553,40.1839676463191
12.1798334121704,4.27799987792969,8,7.2845714319378,20,2,34.3108252710561,40.6081789436866
12.2312812805176,5.80800008773804,8,7.31524416092235,20,2,34.6100811504317,40.9845326622051
12.2814292907715,5.00799989700317,8,7.34386011328859,20,2,34.8603148013325,41.3528126344696
12.3315963745117,4.18200016021729,8,7.37129063382356,20,2,35.0708497810486,41.7226087889702
12.3862504959106,5.36999988555908,8,7.39992526550993,20,2,35.3642607967707,42.1270452027744
12.4385032653809,5.30299997329712,8,7.42605490448178,20,2,35.6413043101112,42.5150771377714
12.4895973205566,4.98400020599365,8,7.45049255646367,20,2,35.8956760624803,42.8957530155381
12.5401134490967,5.08599996566772,8,7.4736250470065,20,2,36.1528704716265,43.2732916190728
12.5915260314941,4.9539999961853,8,7.49617696004211,20,2,36.407155727675,43.6586894346969
12.6448497772217,3.32500004768372,8,7.51856506977077,20,2,36.584956120827,44.0596074867133
12.6965284347534,6.7649998664856,8,7.53929832884005,20,2,36.9348275897352,44.449228303079
12.7477235794067,5.03399991989136,8,7.55895306942093,20,2,37.1919364530854,44.8362099988957
12.7986373901367,4.89900016784668,8,7.57766588604305,20,2,37.4419063917306,45.2220178455927
12.8493003845215,5.05200004577637,8,7.59549647841296,20,2,37.6975252937086,45.606828441028
12.9007120132446,5.03299999237061,8,7.61282663247049,20,2,37.9560459602703,45.9982162573903
12.9544067382812,4.79199981689453,8,7.63015093872966,20,2,38.2130770693885,46.4079151140333
13.0049114227295,5.22100019454956,8,7.64571686384044,20,2,38.4771699404287,46.7940596316222
13.0550498962402,4.9520001411438,8,7.66051954353847,20,2,38.7249844042213,47.1781463878344
13.1063194274902,5.08300018310547,8,7.67502371343124,20,2,38.9862526400936,47.5716412559546
13.1580057144165,4.88399982452393,8,7.68902106142443,20,2,39.2383044232305,47.9690582047176
13.2097091674805,5.06099987030029,8,7.7024199655532,20,2,39.5002428187636,48.3672999138855
13.2605752944946,5.06400012969971,8,7.71503391874407,20,2,39.7572739478249,48.7597338091149
13.3131246566772,4.8600001335144,8,7.72751290692214,20,3,40.0128224675035,49.1658096836316
13.3647689819336,4.86199998855591,8,7.7392399169747,20,3,40.2640136435425,49.5654975071407
13.4155416488647,5.22200012207031,8,7.75027282101168,20,3,40.5292026399664,49.9589995277075
13.4664039611816,5.02500009536743,8,7.76085757248812,20,3,40.7852100703678,50.3537346894063
13.5182199478149,4.73999977111816,8,7.77118373984429,20,3,41.0303628986409,50.756406242195
13.5692796707153,5.21000003814697,8,7.7809198188765,20,3,41.2960265282105,51.153697852057
13.6194334030151,5.03900003433228,8,7.79007622617339,20,3,41.5492653404808,51.5443992496996
13.6711463928223,4.8769998550415,8,7.79912271448686,20,3,41.8010591561298,51.9477152031384
13.7223625183105,5.07000017166138,8,7.80769617803902,20,3,42.0605296384443,52.3475951503672
13.7727756500244,5.05399990081787,8,7.81577504296035,20,3,42.316079978195,52.7416128470539
13.822826385498,4.93599987030029,8,7.82345887178738,20,3,42.5627559252236,53.1331827175346
13.8736057281494,4.98299980163574,8,7.83092940715535,20,3,42.8157874198016,53.5308321651792
13.9261960983276,4.94999980926514,8,7.83833897804198,20,3,43.0758566437916,53.9430533136168
13.9777717590332,5.12200021743774,8,7.84528712305683,20,3,43.3406133471425,54.3476791804134
14.0292072296143,5.00400018692017,8,7.8519185644156,20,3,43.5979009793116,54.7515463067382
14.0803499221802,4.97900009155273,8,7.85822963386127,20,3,43.8528224484826,55.1534373290152
14.131236076355,4.96799993515015,8,7.8642414244519,20,3,44.105223034792,55.5536183306077
14.1822423934937,4.90100002288818,8,7.87001187858415,20,3,44.3552228860191,55.9550386523719
14.2330837249756,5.17399978637695,8,7.8755191862255,20,3,44.6181034458195,56.3554405339111
14.2846984863281,4.93400001525879,8,7.88087339247212,20,3,44.8730248700984,56.7622099333131
14.3362789154053,5.00299978256226,8,7.88599389374778,20,3,45.1308078415378,57.1689728820524
14.3874015808105,5.06500005722046,8,7.89085080710119,20,3,45.3899468275298,57.5723742076268
14.4459209442139,4.19399976730347,8,7.89617359150487,20,3,45.6354522253216,58.0344532595237
14.4970331192017,5.85200023651123,8,7.90059591947101,20,3,45.9347346947861,58.4382699006676
14.5481472015381,5.05399990081787,8,7.90483004310162,20,3,46.1931624142898,58.8423180343461
14.6035680770874,4.58799982070923,8,7.9092253783827,20,3,46.4471705715737,59.280654229733
14.6545286178589,5.43900012969971,8,7.91308031488765,20,3,46.724691584317,59.6839090817478
14.706524848938,4.89699983596802,8,7.91684656158134,20,3,46.9796132854332,60.0955552649816
14.7574214935303,5.11999988555908,8,7.92037342074953,20,3,47.2399301519383,60.4986756960157
14.807430267334,4.92500019073486,8,7.92369177707494,20,3,47.4857452052524,60.8949298057857
14.8586721420288,4.93800020217896,8,7.92695025740603,20,3,47.7392094077727,61.3011215975879
14.9097261428833,5.0149998664856,8,7.93005815875671,20,3,47.9953734210114,61.7059827936012
14.9612598419189,5.03900003433228,8,7.93306179358724,20,3,48.2542708663877,62.1148028125031
15.0134382247925,4.98000001907349,8,7.93597239972313,20,3,48.5145211055009,62.5288890188496
15.0637331008911,5.07600021362305,8,7.93865594990881,20,3,48.7697951724236,62.92816273624
15.1138229370117,4.95900011062622,8,7.94121654442218,20,3,49.017990878235,63.3259369715483
15.1651277542114,5.07200002670288,8,7.9437297731245,20,3,49.2782097023395,63.7334885754423
15.216570854187,4.94199991226196,8,7.94614203554684,20,3,49.5327839449456,64.1422627545972
15.2680807113647,5.03700017929077,8,7.9484538822609,20,3,49.7923397435431,64.5516864788563
15.3197889328003,4.88399982452393,8,7.95067501398606,20,3,50.0448246296695,64.9628017430415
15.3706474304199,5.11999988555908,8,7.95276550955588,20,3,50.3051360076754,65.3672674487787
15.4213781356812,5.01399993896484,8,7.95476237539995,20,3,50.5598362418529,65.7708181542683
15.4716367721558,5.00600004196167,8,7.95665702650807,20,3,50.8110270932822,66.1707088873167
15.5271768569946,4.24700021743774,8,7.95866308686216,20,3,51.0466731569496,66.6127337103649
15.5786790847778,5.78599977493286,8,7.96043720612573,20,3,51.3446080315691,67.0227139606087
15.6294937133789,4.92700004577637,8,7.96211251335668,20,3,51.595179115182,67.4273057508549
15.6799259185791,5.06599998474121,8,7.96370480460744,20,3,51.8507275947429,67.8289329457147
15.7299432754517,5.03399991989136,8,7.96521762939137,20,3,52.1021097713704,68.2273320784515
15.7824077606201,4.85900020599365,8,7.96673832869713,20,3,52.3577283543614,68.6453029033384
15.8328227996826,3.32800006866455,8,7.96813573574548,20,0,52.5255648946268,69.0470167777113
15.8847227096558,0,8,7.96951386278396,20,0,52.5255648946268,69.4606338297196
15.9356346130371,0,8,7.97080728551097,20,0,52.5255648946268,69.8664428001108
15.9858341217041,0,8,7.97202850211431,20,0,52.5255648946268,70.2666347139962
16.0362815856934,0,8,7.97320441139123,20,0,52.5255648946268,70.6688626564189
16.087818145752,0,8,7.97435520510927,20,0,52.5255648946268,71.0798334923756
16.1389198303223,0,8,7.97544728195875,20,0,52.5255648946268,71.4873922836854
16.1895084381104,0,8,7.97648235514468,20,0,52.5255648946268,71.8909114210784
16.2395362854004,0,8,7.97746280276589,20,0,52.5255648946268,72.2900067119371
16.2918949127197,0,8,7.97844615002489,20,0,52.5255648946268,72.7077472004937
16.3436393737793,0,8,7.97937556031716,20,0,52.5255648946268,73.1206356884542
16.3946285247803,0,8,7.98025191254157,20,0,52.5255648946268,73.5275419582486
16.444709777832,0,8,7.98107608667932,20,0,52.5255648946268,73.9272442493709
16.4953498840332,0,8,7.98187467749623,20,0,52.5255648946268,74.3314472307238
16.5460948944092,0,8,7.98264115222834,20,0,52.5255648946268,74.7365264388213
16.5965557098389,0,8,7.9833711035729,20,0,52.5255648946268,75.1393738545854
16.6466407775879,0,8,7.98406515307635,20,0,52.5255648946268,75.5392562986898
16.6976413726807,0,8,7.98474239197287,20,0,52.5255648946268,75.9464829123429
16.7478466033936,0,8,7.98538073508214,20,0,52.5255648946268,76.347390794478
16.7984218597412,0,8,7.98599687930784,20,0,52.5255648946268,76.7512846338406
16.8484573364258,0,8,7.98658075665692,20,0,52.5255648946268,77.1508970090797
16.8989105224609,0,8,7.98714495964096,20,0,52.5255648946268,77.5538739196183
16.9503765106201,0,8,7.98769629077004,20,0,52.5255648946268,77.9649686023382
17.0015888214111,0,8,7.98822137525418,20,0,52.5255648946268,78.3740638780751
17.0525817871094,0,8,7.98872189776055,20,0,52.5255648946268,78.7814324997804
17.1036243438721,0,8,7.98920161707199,20,0,52.5255648946268,79.1892217768084
17.1545181274414,0,8,7.98965959254169,20,0,52.5255648946268,79.5958457829039
17.2050113677979,0,8,7.99009469310767,20,0,52.5255648946268,79.9992915547137
17.2557830810547,0,8,7.99051378427538,20,0,52.5255648946268,80.4049836293438
17.3071041107178,0,8,7.99091948624088,20,0,52.5255648946268,80.8150858453325
17.3580360412598,0,8,7.9913048929876,20,0,52.5255648946268,81.222098431082
17.4084339141846,0,8,7.9916700720695,20,0,52.5255648946268,81.6248616038311
17.4590225219727,0,8,7.99202123828365,20,0,52.5255648946268,82.0291668316887
17.5092296600342,0,8,7.99235506394286,20,0,52.5255648946268,82.4304401058208
17.559886932373,0,8,7.99267779028274,20,0,52.5255648946268,82.83532736136
17.6107444763184,0,8,7.99298811495147,20,0,52.5255648946268,83.2418311056705
17.6619319915771,0,8,7.99328721576223,20,0,52.5255648946268,83.6509876169952
17.7140865325928,0,8,7.99357896757961,20,0,52.5255648946268,84.0678890591215
17.7653102874756,0,8,7.99385305873861,20,0,52.5255648946268,84.4773642287715
17.8158931732178,0,8,7.99411216709485,20,0,52.5255648946268,84.8817294911299
17.8670787811279,0,8,7.99436331068362,20,0,52.5255648946268,85.2909258370419
17.917516708374,0,8,7.99460022978833,20,0,52.5255648946268,85.6941569017936
17.9682598114014,0,8,7.99482856403514,20,0,52.5255648946268,86.0998393113044
18.0207958221436,0,8,7.99505496954797,20,0,52.5255648946268,86.5198676050689
18.0719184875488,0,8,7.99526563882899,20,0,52.5255648946268,86.928606895149
18.1233253479004,0,8,7.9954684543653,20,0,52.5255648946268,87.3396288254279
18.1735363006592,0,8,7.99565806538512,20,0,52.5255648946268,87.7410984348244
18.2297344207764,0,8,7.99586140585431,20,0,52.5255648946268,88.190450814551
18.280725479126,0,8,7.99603726526729,20,0,52.5255648946268,88.5981772173099
18.3320903778076,0,8,7.99620688649066,20,0,52.5255648946268,89.0089015738719
18.3836059570312,0,8,7.99636972352357,20,0,52.5255648946268,89.4208391918656
18.4345073699951,0,8,7.99652371202532,20,0,52.5255648946268,89.8278735476067
18.4851913452148,0,8,7.99667053876996,20,0,52.5255648946268,90.2331765990341
18.5364360809326,0,8,7.99681271990397,20,0,52.5255648946268,90.6429711534501
18.5868148803711,0,8,7.9969465293579,20,0,52.5255648946268,91.0458477187728
18.6377944946289,0,8,7.99707624998747,20,0,52.5255648946268,91.4535355811875
18.689962387085,0,8,7.99720335488432,20,0,52.5255648946268,91.8707328257543
18.7401905059814,0,8,7.9973204134038,20,0,52.5255648946268,92.272423186332
18.7912578582764,0,8,7.99743444623107,20,0,52.5255648946268,92.6808309886532
18.8422756195068,0,8,7.99754352023907,20,0,52.5255648946268,93.0888477543991
18.8926258087158,0,8,7.99764659042303,20,0,52.5255648946268,93.4915307734535
18.9431552886963,0,8,7.99774568755812,20,0,52.5255648946268,93.8956527040618
18.9949474334717,0,8,7.99784298395508,20,0,52.5255648946268,94.3098781457777
19.0450172424316,0,8,7.99793298510616,20,0,52.5255648946268,94.7103331224165
19.0964221954346,0,8,7.99802153077572,20,0,52.5255648946268,95.1214710433225
19.1466903686523,0,8,7.99810440913712,20,0,52.5255648946268,95.5235211411748
19.1977005004883,0,8,7.99818498775364,20,0,52.5255648946268,95.9315096118483
19.2478218078613,0,8,7.99826079674254,20,0,52.5255648946268,96.3323928996917
19.299467086792,0,8,7.998335648107,20,0,52.5255648946268,96.7454691752192
19.3502216339111,0,8,7.99840604262914,20,0,52.5255648946268,97.1514246515879
19.4009876251221,0,8,7.99847347498404,20,0,52.5255648946268,97.5574750857198
19.4517307281494,0,8,7.99853802549751,20,0,52.5255648946268,97.9633457248158
19.5020370483398,0,8,7.99859931429537,20,0,52.5255648946268,98.3657258229957
19.5523300170898,0,8,7.99865801816401,20,0,52.5255648946268,98.7680020807451
19.6039619445801,0,8,7.99871575908805,20,0,52.5255648946268,99.1809911928333
19.6546764373779,0,8,7.99877003377679,20,0,52.5255648946268,99.586644758103
19.7053737640381,0,8,7.99882199710962,20,0,52.5255648946268,99.9921636497869
19.7569484710693,0,8,7.99887262640458,20,0,52.5255648946268,100.404703162074
19.807523727417,0,8,7.99892014074507,20,0,52.5255648946268,100.809250598697
19.8585739135742,0,8,7.99896607992506,20,0,52.5255648946268,101.217599306142
19.9092330932617,0,8,7.99900972787744,20,0,52.5255648946268,101.622822577269
19.9593143463135,0,8,7.99905105626808,20,0,52.5255648946268,102.023425077392
20.0124816894531,0,8,7.99909310028225,20,0,52.5255648946268,102.44871560506
20.0660495758057,0,8,7.99913358419977,20,0,52.5255648946268,102.877212283817
20.1169815063477,0,8,7.99917035772423,20,0,52.5255648946268,103.284625472871
20.1686325073242,0,8,7.99920606760256,20,0,52.5255648946268,103.69779247328
20.2194538116455,0,8,7.99923969150254,20,0,52.5255648946268,104.104324267981
20.2708797454834,0,8,7.99927227448128,20,0,52.5255648946268,104.51569431472
20.322172164917,0,8,7.99930338015007,20,0,52.5255648946268,104.925997938871
20.3735733032227,0,8,7.99933321936111,20,0,52.5255648946268,105.337172772032
20.4246807098389,0,8,7.99936161721881,20,0,52.5255648946268,105.745999398874
20.4758529663086,0,8,7.99938884012498,20,0,52.5255648946268,106.155346176202
20.5264072418213,0,8,7.99941458741223,20,0,52.5255648946268,106.559750785194
20.5770587921143,0,8,7.99943929745817,20,0,52.5255648946268,106.964934787085
20.6281070709229,0,8,7.99946314987458,20,0,52.5255648946268,107.373293612279
20.6793842315674,0,8,7.99948608999968,20,0,52.5255648946268,107.783484545589
20.730037689209,0,8,7.99950778276504,20,0,52.5255648946268,108.188687274217
20.7804718017578,0,8,7.99952846988123,20,0,52.5255648946268,108.592136393405
20.8312129974365,0,8,7.99954840821625,20,0,52.5255648946268,108.998043044527
20.882230758667,0,8,7.99956760755108,20,0,52.5255648946268,109.406163074676
20.9331016540527,0,8,7.99958593771028,20,0,52.5255648946268,109.813109174043
20.9846839904785,0,8,7.99960373629388,20,0,52.5255648946268,110.225747425241
21.0423259735107,0,8,7.9996227708154,20,0,52.5255648946268,110.686861545261
21.0931282043457,0,8,7.9996387408855,20,0,52.5255648946268,111.093261039172
21.1438369750977,0,8,7.99965400672351,20,0,52.5255648946268,111.498913660293
21.1941528320312,0,8,7.99966851418035,20,0,52.5255648946268,111.901423836769
21.2447319030762,0,8,7.99968248605103,20,0,52.5255648946268,112.306040345568
21.2948780059814,0,8,7.999695754457,20,0,52.5255648946268,112.707193912082
21.3452110290527,0,8,7.99970851578861,20,0,52.5255648946268,113.109843425371
21.396427154541,0,8,7.99972095636524,20,0,52.5255648946268,113.519558137743
21.4466781616211,0,8,7.99973264155162,20,0,52.5255648946268,113.921552759352
21.4974956512451,0,8,7.9997439636226,20,0,52.5255648946268,114.328079665219
21.5478134155273,0,8,7.99975469960434,20,0,52.5255648946268,114.730609436509
21.598108291626,0,8,7.99976498073185,20,0,52.5255648946268,115.132956625033
21.6492500305176,0,8,7.99977499681022,20,0,52.5255648946268,115.542079029111
21.6995162963867,0,8,7.99978442186869,20,0,52.5255648946268,115.944198319757
21.75048828125,0,8,7.99979357890639,20,0,52.5255648946268,116.35196367697
21.8012886047363,0,8,7.999802317455,20,0,52.5255648946268,116.758356222524
21.8523216247559,0,8,7.99981072440273,20,0,52.5255648946268,117.166610723375
21.9029006958008,0,8,7.99981870222263,20,0,52.5255648946268,117.571234121861
21.9531002044678,0,8,7.99982628643875,20,0,52.5255648946268,117.972821470861
22.0040416717529,0,8,7.99983366079183,20,0,52.5255648946268,118.380344735579
22.0551052093506,0,8,7.99984073901551,20,0,52.5255648946268,118.788844903931
22.1051330566406,0,8,7.99984737858569,20,0,52.5255648946268,119.189060046931
22.1555328369141,0,8,7.99985378865714,20,0,52.5255648946268,119.592250920099
22.2135448455811,0,8,7.99986085700188,20,0,52.5255648946268,120.05633891747
22.2646541595459,0,8,7.99986678325453,20,0,52.5255648946268,120.465206620572
22.3159885406494,0,8,7.99987248208718,20,0,52.5255648946268,120.875875123347
22.3669185638428,0,8,7.99987789416239,20,0,52.5255648946268,121.283309090041
22.4186172485352,0,8,7.99988315475506,20,0,52.5255648946268,121.696892526834
22.470666885376,0,8,7.9998882228822,20,0,52.5255648946268,122.113283803603
22.5227546691895,0,8,7.99989307473415,20,0,52.5255648946268,122.52998050461
22.5734996795654,0,8,7.99989759633726,20,0,52.5255648946268,122.935935391143
22.6249656677246,0,8,7.99990198825867,20,0,52.5255648946268,123.347658252145
22.6761837005615,0,8,7.99990617156582,20,0,52.5255648946268,123.757397709133
22.7263507843018,0,8,7.99991009414825,20,0,52.5255648946268,124.15872986874
22.7772045135498,0,8,7.99991390418812,20,0,52.5255648946268,124.565555324432
22.8277149200439,0,8,7.9999175281335,20,0,52.5255648946268,124.969634410697
22.8781356811523,0,8,7.99992099337873,20,0,52.5255648946268,125.372996515991
22.9296550750732,0,8,7.99992438535644,20,0,52.5255648946268,125.785147771737
22.980447769165,0,8,7.99992758591599,20,0,52.5255648946268,126.191485646365
23.0308437347412,0,8,7.99993062706406,20,0,52.5255648946268,126.594649874858
23.0815086364746,0,8,7.99993355604154,20,0,52.5255648946268,126.999965722349
23.1341590881348,0,8,7.99993647129523,20,0,52.5255648946268,127.421165990815
23.1858139038086,0,8,7.99993920593151,20,0,52.5255648946268,127.834401375899
23.2380256652832,0,8,7.99994185106934,20,0,52.5255648946268,128.252092431638
23.288782119751,0,8,7.9999443105973,20,0,52.5255648946268,128.658141240784
23.3393669128418,0,8,7.99994665812806,20,0,52.5255648946268,129.062816887223
23.391960144043,0,8,7.99994899597923,20,0,52.5255648946268,129.483560054366
23.4446392059326,0,8,7.99995123501587,20,0,52.5255648946268,129.904989980589
23.4958972930908,0,8,7.99995331801571,20,0,52.5255648946268,130.315052285026
23.5459079742432,0,8,7.9999552635139,20,0,52.5255648946268,130.715135496942
23.5967350006104,0,8,7.99995715836604,20,0,52.5255648946268,131.121749530367
23.6470775604248,0,8,7.99995895566397,20,0,52.5255648946268,131.524487942606
23.6985340118408,0,8,7.99996071566054,20,0,52.5255648946268,131.936137532501
23.750171661377,0,8,7.99996240611967,20,0,52.5255648946268,132.349236787531
23.8005752563477,0,8,7.99996398517527,20,0,52.5255648946268,132.75246373202
23.8508434295654,0,8,7.99996549384147,20,0,52.5255648946268,133.1546073832
23.9021396636963,0,8,7.99996696887146,20,0,52.5255648946268,133.564975561875
23.9527721405029,0,8,7.999968362578,20,0,52.5255648946268,133.970033774447
24.0035572052002,0,8,7.99996970150177,20,0,52.5255648946268,134.376312753314
24.0543785095215,0,8,7.9999709846761,20,0,52.5255648946268,134.782881713287
24.1047973632812,0,8,7.99997220377558,20,0,52.5255648946268,135.186231141912
24.155216217041,0,8,7.99997337165373,20,0,52.5255648946268,135.589580629419
24.2065887451172,0,8,7.99997451162495,20,0,52.5255648946268,136.000559544626
24.2583351135254,0,8,7.99997561073399,20,0,52.5255648946268,136.414529229836
24.3092250823975,0,8,7.99997664504148,20,0,52.5255648946268,136.821647792279
24.360408782959,0,8,7.99997764120248,20,0,52.5255648946268,137.231116252365
24.4114971160889,0,8,7.99997859309723,20,0,52.5255648946268,137.639821823762
24.4640846252441,0,8,7.99997953121031,20,0,52.5255648946268,138.060520820601
24.5152721405029,0,8,7.99998040433238,20,0,52.5255648946268,138.470019939618
24.5665016174316,0,8,7.99998124089555,20,0,52.5255648946268,138.879854794028
24.6166286468506,0,8,7.9999820245107,20,0,52.5255648946268,139.280870128322
24.6713714599609,0,8,7.99998284453474,20,0,52.5255648946268,139.718811694066
24.7220115661621,0,8,7.99998356849689,20,0,52.5255648946268,140.123931711583
24.7723140716553,0,8,7.99998425728504,20,0,52.5255648946268,140.52635096363
24.8238506317139,0,8,7.99998493338952,20,0,52.5255648946268,140.938642667618
24.8743228912354,0,8,7.99998556709441,20,0,52.5255648946268,141.342420015328
24.9253273010254,0,8,7.99998618054594,20,0,52.5255648946268,141.750454588795
24.9758625030518,0,8,7.99998676252003,20,0,52.5255648946268,142.154735536048
25.0271530151367,0,8,7.99998732831763,20,0,52.5255648946268,142.56505898279
25.0774726867676,0,8,7.99998785968004,20,0,52.5255648946268,142.96761574494
25.1276531219482,0,8,7.99998836735216,20,0,52.5255648946268,143.369058642654
25.1779842376709,0,8,7.99998885525561,20,0,52.5255648946268,143.771707007508
25.2293930053711,0,8,7.99998933270359,20,0,52.5255648946268,144.182976600717
25.2802238464355,0,8,7.99998978455997,20,0,52.5255648946268,144.589622809973
25.3321380615234,0,8,7.99999022649876,20,0,52.5255648946268,145.004936023293
25.3833637237549,0,8,7.99999064371049,20,0,52.5255648946268,145.414740841862
25.4341907501221,0,8,7.99999104000413,20,0,52.5255648946268,145.82135659739
25.4861888885498,0,8,7.99999142825672,20,0,52.5255648946268,146.237341259097
25.5366954803467,0,8,7.99999178903134,20,0,52.5255648946268,146.641393578764
25.5867786407471,0,8,7.99999213172405,20,0,52.5255648946268,147.042058467899
25.637134552002,0,8,7.99999246190256,20,0,52.5255648946268,147.44490537835
25.6889667510986,0,8,7.99999278749936,20,0,52.5255648946268,147.859562597284
25.7405910491943,0,8,7.99999309778293,20,0,52.5255648946268,148.272556625727
25.794340133667,0,8,7.99999340693947,20,0,52.5255648946268,148.702548947137
25.8460597991943,0,8,7.99999369109854,20,0,52.5255648946268,149.116305945062
25.8976936340332,0,8,7.99999396255919,20,0,52.5255648946268,149.529376312037
25.9488410949707,0,8,7.99999421989233,20,0,52.5255648946268,149.938555703899
25.9993877410889,0,8,7.99999446336321,20,0,52.5255648946268,150.342928592986
26.0514125823975,0,8,7.99999470339875,20,0,52.5255648946268,150.7591270479
26.1029739379883,0,8,7.99999493098204,20,0,52.5255648946268,151.171617631261
26.1542663574219,0,8,7.99999514765053,20,0,52.5255648946268,151.581956737841
26.2050437927246,0,8,7.99999535297542,20,0,52.5255648946268,151.988175984299
26.2564067840576,0,8,7.99999555187965,20,0,52.5255648946268,152.399079686494
26.3076419830322,0,8,7.9999957417966,20,0,52.5255648946268,152.808961060121
26.3578243255615,0,8,7.99999591986878,20,0,52.5255648946268,153.210419595605
26.4085788726807,0,8,7.99999609243979,20,0,52.5255648946268,153.616455774231
26.4595470428467,0,8,7.99999625840745,20,0,52.5255648946268,154.024200944857
26.5110931396484,0,8,7.99999641912786,20,0,52.5255648946268,154.436569534692
26.5621242523193,0,8,7.99999657140777,20,0,52.5255648946268,154.844818261094
26.6125564575195,0,8,7.99999671550066,20,0,52.5255648946268,155.248275737051
26.662841796875,0,8,7.9999968531358,20,0,52.5255648946268,155.650558293653
26.7142810821533,0,8,7.9999969880295,20,0,52.5255648946268,156.062072420946
26.7645988464355,0,8,7.99999711432585,20,0,52.5255648946268,156.464614390004
26.8156394958496,0,8,7.99999723706475,20,0,52.5255648946268,156.872939444294
26.8685073852539,0,8,7.99999735879021,20,0,52.5255648946268,157.295882419893
26.9186840057373,0,8,7.99999746922937,20,0,52.5255648946268,157.697295256775
26.9717597961426,0,8,7.99999758116491,20,0,52.5255648946268,158.121901451636
27.022590637207,0,8,7.99999768362443,20,0,52.5255648946268,158.528548062408
27.072883605957,0,8,7.9999977807056,20,0,52.5255648946268,158.930891700793
27.1240196228027,0,8,7.99999787527716,20,0,52.5255648946268,159.339979726909
27.1742649078369,0,8,7.99999796424158,20,0,52.5255648946268,159.741941904895
27.2252979278564,0,8,7.99999805081733,20,0,52.5255648946268,160.150205965578
27.277702331543,0,8,7.9999981359388,20,0,52.5255648946268,160.569441097386
27.3295516967773,0,8,7.99999821648079,20,0,52.5255648946268,160.984235926786
27.3834629058838,0,8,7.99999829660718,20,0,52.5255648946268,161.415525507806
27.4347248077393,0,8,7.99999836937315,20,0,52.5255648946268,161.825620639061
27.4863433837891,0,8,7.99999843951534,20,0,52.5255648946268,162.238569166909
27.5379829406738,0,8,7.99999850666762,20,0,52.5255648946268,162.651685544872
27.5907154083252,0,8,7.99999857229021,20,0,52.5255648946268,163.073545210796
27.6409358978271,0,8,7.99999863204045,20,0,52.5255648946268,163.475309058112
27.6932163238525,0,8,7.99999869163837,20,0,52.5255648946268,163.893552397914
27.7447738647461,0,8,7.99999874785163,20,0,52.5255648946268,164.306012660505
27.7959365844727,0,8,7.99999880123772,20,0,52.5255648946268,164.715314356985
27.8486003875732,0,8,7.99999885384721,20,0,52.5255648946268,165.136624721429
27.8986988067627,0,8,7.99999890169758,20,0,52.5255648946268,165.537412019921
27.9508724212646,0,8,7.99999894944958,20,0,52.5255648946268,165.954800881126
28.0020771026611,0,8,7.99999899427717,20,0,52.5255648946268,166.3644382808
28.0541610717773,0,8,7.99999903792886,20,0,52.5255648946268,166.781109983621
28.1058177947998,0,8,7.9999990793434,20,0,52.5255648946268,167.194363720243
28.1561145782471,0,8,7.99999911793179,20,0,52.5255648946268,167.596737943456
28.2072238922119,0,8,7.99999915550004,20,0,52.5255648946268,168.005612412013
28.2578010559082,0,8,7.99999919109371,20,0,52.5255648946268,168.410229680671
28.3086929321289,0,8,7.99999922539935,20,0,52.5255648946268,168.817364651016
28.3591480255127,0,8,7.99999925796814,20,0,52.5255648946268,169.221005360647
28.4112510681152,0,8,7.99999929018657,20,0,52.5255648946268,169.637829664484
28.4613361358643,0,8,7.99999931981245,20,0,52.5255648946268,170.038510172409
28.5115928649902,0,8,7.99999934829911,20,0,52.5255648946268,170.440563972664
28.5643711090088,0,8,7.99999937696214,20,0,52.5255648946268,170.86278989193
28.6153430938721,0,8,7.9999994034267,20,0,52.5255648946268,171.270565740427
28.6660442352295,0,8,7.99999942863249,20,0,52.5255648946268,171.676174842318
28.7171688079834,0,8,7.99999945297492,20,0,52.5255648946268,172.085171396383
28.7674503326416,0,8,7.99999947589597,20,0,52.5255648946268,172.487423567295
28.8176784515381,0,8,7.99999949783327,20,0,52.5255648946268,172.889248493244
28.8681602478027,0,8,7.9999995189585,20,0,52.5255648946268,173.293102839078
28.9200973510742,0,8,7.99999953977842,20,0,52.5255648946268,173.708599641347
28.9705905914307,0,8,7.99999955914349,20,0,52.5255648946268,174.112545541938
29.0215301513672,0,8,7.99999957785768,20,0,52.5255648946268,174.520061999927
29.0716495513916,0,8,7.99999959548895,20,0,52.5255648946268,174.921017179848
29.1229209899902,0,8,7.99999961277217,20,0,52.5255648946268,175.331188668784
29.1729736328125,0,8,7.99999962892365,20,0,52.5255648946268,175.731609792788
29.2239894866943,0,8,7.9999996446993,20,0,52.5255648946268,176.139736605717
29.2746047973633,0,8,7.99999965968568,20,0,52.5255648946268,176.544659073843
29.3262233734131,0,8,7.99999967432446,20,0,52.5255648946268,176.957607665431
29.3770141601562,0,8,7.99999968810889,20,0,52.5255648946268,177.363933943535
29.4280891418457,0,8,7.99999970138375,20,0,52.5255648946268,177.772533781799
29.4792232513428,0,8,7.99999971410831,20,0,52.5255648946268,178.181606643157
29.5297374725342,0,8,7.99999972614298,20,0,52.5255648946268,178.585720398854
29.580904006958,0,8,7.99999973781991,20,0,52.5255648946268,178.99505266083
29.6327724456787,0,8,7.9999997491523,20,0,52.5255648946268,179.410000157585
29.6856880187988,0,8,7.99999976021376,20,0,52.5255648946268,179.833324729857
29.7365913391113,0,8,7.99999977038536,20,0,52.5255648946268,180.240551280669
29.7876892089844,0,8,7.9999997801627,20,0,52.5255648946268,180.64933422842
29.8389568328857,0,8,7.99999978955482,20,0,52.5255648946268,181.059475208842
29.8913860321045,0,8,7.99999979874938,20,0,52.5255648946268,181.478908792041
29.9430732727051,0,8,7.99999980741779,20,0,52.5255648946268,181.892406706891
29.9940738677979,0,8,7.99999981560263,20,0,52.5255648946268,182.300411458229
30.045036315918,0,8,7.99999982343374,20,0,52.5255648946268,182.708111034192
30.0981521606445,0,8,7.99999983124913,20,0,52.5255648946268,183.133037783041
30.1490783691406,0,8,7.99999983841067,20,0,52.5255648946268,183.540447442781
30.1997356414795,0,8,7.99999984523206,20,0,52.5255648946268,183.945705613651
30.2505512237549,0,8,7.99999985178592,20,0,52.5255648946268,184.352230264323
30.3017024993896,0,8,7.9999998581037,20,0,52.5255648946268,184.761440462143
30.3519496917725,0,8,7.99999986404527,20,0,52.5255648946268,185.163417994374
30.4035797119141,0,8,7.99999986989473,20,0,52.5255648946268,185.576458148789
30.4541492462158,0,8,7.99999987537753,20,0,52.5255648946268,185.981014416901
30.5044593811035,0,8,7.99999988060234,20,0,52.5255648946268,186.383495489996
30.5553913116455,0,8,7.99999988566997,20,0,52.5255648946268,186.790950928509
30.605842590332,0,8,7.99999989047672,20,0,52.5255648946268,187.194561152476
30.6563911437988,0,8,7.99999989509025,20,0,52.5255648946268,187.598949574907
30.7073402404785,0,8,7.99999989954447,20,0,52.5255648946268,188.006542343226
30.7584838867188,0,8,7.99999990382585,20,0,52.5255648946268,188.415691508229
30.8096084594727,0,8,7.99999990792324,20,0,52.5255648946268,188.824688085553
30.8655109405518,0,8,7.99999991221267,20,0,52.5255648946268,189.271907929279
30.9162921905518,0,8,7.99999991592763,20,0,52.5255648946268,189.678157925009
30.96755027771,0,8,7.99999991951879,20,0,52.5255648946268,190.08822261815
31.0177803039551,0,8,7.9999999228876,20,0,52.5255648946268,190.490062824237
31.0688877105713,0,8,7.99999992617178,20,0,52.5255648946268,190.898922073394
31.1203880310059,0,8,7.99999992934026,20,0,52.5255648946268,191.310924633231
31.1715679168701,0,8,7.99999993235389,20,0,52.5255648946268,191.720363716683
31.2218894958496,0,8,7.9999999351906,20,0,52.5255648946268,192.122936345258
31.2727966308594,0,8,7.99999993793999,20,0,52.5255648946268,192.530193422177
31.3252391815186,0,8,7.99999994065214,20,0,52.5255648946268,192.949733824338
31.3756408691406,0,8,7.99999994314483,20,0,52.5255648946268,193.352947322449
31.42600440979,0,8,7.99999994553102,20,0,52.5255648946268,193.755855644901
31.4762439727783,0,8,7.99999994781144,20,0,52.5255648946268,194.157772146185
31.526948928833,0,8,7.99999995001662,20,0,52.5255648946268,194.563411792088
31.5791416168213,0,8,7.99999995219059,20,0,52.5255648946268,194.980953293499
31.6315593719482,0,8,7.99999995427898,20,0,52.5255648946268,195.400295332118
31.6824474334717,0,8,7.99999995621786,20,0,52.5255648946268,195.807399822078
31.7336406707764,0,8,7.99999995808565,20,0,52.5255648946268,196.216945718369
31.7839984893799,0,8,7.99999995984458,20,0,52.5255648946268,196.619808265175
31.8343544006348,0,8,7.99999996152963,20,0,52.5255648946268,197.022655553277
31.8850955963135,0,8,7.99999996315632,20,0,52.5255648946268,197.428585116837
31.9355792999268,0,8,7.99999996470633,20,0,52.5255648946268,197.832454743962
31.98606300354,0,8,7.99999996619112,20,0,52.5255648946268,198.236324371161
32.0361557006836,0,8,7.99999996760244,20,0,52.5255648946268,198.637065946687
32.087158203125,0,8,7.9999999689794,20,0,52.5255648946268,199.045085964636
32.1377372741699,0,8,7.9999999702869,20,0,52.5255648946268,199.449718531493
32.1883659362793,0,8,7.99999997154051,20,0,52.5255648946268,199.854747826927
32.2391357421875,0,8,7.99999997274458,20,0,52.5255648946268,200.260906272809
32.2893943786621,0,8,7.9999999738861,20,0,52.5255648946268,200.662975363293
32.3414688110352,0,8,7.99999997501932,20,0,52.5255648946268,201.079570820977
32.3918075561523,0,8,7.99999997606723,20,0,52.5255648946268,201.482280780709
32.442943572998,0,8,7.99999997708709,20,0,52.5255648946268,201.891368914303
32.4937400817871,0,8,7.999999978057,20,0,52.5255648946268,202.297740983501
32.544849395752,0,8,7.99999997899158,20,0,52.5255648946268,202.706615494146
32.5960578918457,0,8,7.99999997988808,20,0,52.5255648946268,203.116283461866
32.6462020874023,0,8,7.9999999807285,20,0,52.5255648946268,203.517437025353
32.6975212097168,0,8,7.99999998155266,20,0,52.5255648946268,203.927990002922
32.7483024597168,0,8,7.99999998233331,20,0,52.5255648946268,204.334240002025
32.8106460571289,0,8,7.99999998325115,20,0,52.5255648946268,204.832988780278
32.8606605529785,0,8,7.99999998394922,20,0,52.5255648946268,205.233104746272
32.9137268066406,0,8,7.99999998465901,20,0,52.5255648946268,205.657634774754
32.9641532897949,0,8,7.99999998530367,20,0,52.5255648946268,206.061046639248
33.0160789489746,0,8,7.9999999859396,20,0,52.5255648946268,206.476451911955
33.0662117004395,0,8,7.99999998652701,20,0,52.5255648946268,206.877513922998
33.1171073913574,0,8,7.99999998709844,20,0,52.5255648946268,207.284679449686
33.1688423156738,0,8,7.99999998765466,20,0,52.5255648946268,207.698558843578
33.2256202697754,0,8,7.99999998823878,20,0,52.5255648946268,208.152782475723
33.2770080566406,0,8,7.99999998874243,20,0,52.5255648946268,208.563884770066
33.3277549743652,0,8,7.9999999892185,20,0,52.5255648946268,208.969860111316
33.3779754638672,0,8,7.99999998966971,20,0,52.5255648946268,209.371624026813
33.4291915893555,0,8,7.99999999011061,20,0,52.5255648946268,209.781353030213
33.4797172546387,0,8,7.999999990527,20,0,52.5255648946268,210.185558352
33.5306091308594,0,8,7.99999999092875,20,0,52.5255648946268,210.592693361304
33.5832862854004,0,8,7.99999999132696,20,0,52.5255648946268,211.014110597175
33.6340141296387,0,8,7.99999999169359,20,0,52.5255648946268,211.41993335066
33.6851501464844,0,8,7.99999999204756,20,0,52.5255648946268,211.829021485019
33.7354469299316,0,8,7.99999999238088,20,0,52.5255648946268,212.231395752214
33.7860946655273,0,8,7.99999999270245,20,0,52.5255648946268,212.63657763661
33.8366584777832,0,8,7.99999999300995,20,0,52.5255648946268,213.041088134303
33.8902816772461,0,8,7.9999999933223,20,0,52.5255648946268,213.470073729648
33.9409561157227,0,8,7.99999999360429,20,0,52.5255648946268,213.875469237136
33.9914932250977,0,8,7.99999999387364,20,0,52.5255648946268,214.279766111827
34.041633605957,0,8,7.99999999412963,20,0,52.5255648946268,214.680889158407
34.0932464599609,0,8,7.99999999438211,20,0,52.5255648946268,215.093791990149
34.1452598571777,0,8,7.99999999462562,20,0,52.5255648946268,215.509899167604
34.1964225769043,0,8,7.99999999485476,20,0,52.5255648946268,215.919200925153
34.2475891113281,0,8,7.99999999507415,20,0,52.5255648946268,216.328533200291
